"0","# Diret√≥rio do projeto, de onde ser√£o salvos e lidos os arquivos"
"0","project_root_path <- paste0(getwd())"
"0",""
"0","###"
"0","# Vari√°veis e defini√ß√µes"
"0","###"
"0","source(paste0(project_root_path, ""/definitions.R""))"
"0",""
"0","###"
"0","# Instalando e carregando pacotes "
"0","###"
"0","source(paste0(project_root_path, ""/install_load_packages.R""), encoding = encoding)"
"2","G3;Seu ambiente j√° tem os pacotes necess√°rios...
g"
"2","G3;Seus pacotes est√£o carregados. Bom trabalho!
g"
"0","dados <- read.csv(""dados_exercio.csv"")"
"0","head(dados)"
